alvo,h,subida_rapida,cobertura,n,n_com_faixa,margem_cm
Encantado,6,False,0.861900097943193,1021,1021,31.597537024981037
Encantado,6,True,1.0,37,37,165.17350344875945
Encantado,9,False,0.8831041257367387,1018,1018,53.66944639980835
Encantado,9,True,0.8918918918918919,37,37,180.8164918954535
Encantado,12,False,0.8788177339901477,1015,1015,71.73215400736493
Encantado,12,True,0.8378378378378378,37,37,198.16088470484442
Estrela,6,False,0.8373435996150145,1039,1039,32.121291011676476
Estrela,6,True,,27,0,
Estrela,9,False,0.861969111969112,1036,1036,51.61761728437273
Estrela,9,True,,27,0,
Estrela,12,False,0.8799612778315585,1033,1033,73.6515033433925
Estrela,12,True,,27,0,
Muçum,6,False,0.8991935483870968,992,992,48.0944927840728
Muçum,6,True,0.868421052631579,38,38,151.20895726793128
Muçum,9,False,0.8857431749241659,989,989,78.36897572797875
Muçum,9,True,0.8157894736842105,38,38,184.13571184357556
Muçum,12,False,0.9046653144016227,986,986,107.56611812283563
Muçum,12,True,0.8157894736842105,38,38,214.43151168287272
