particao,alvo,h,regime,MAE_novo_cm,MAE_anterior_cm,ganho_pct
calibracao,Encantado,6,alto,30.02895513279616,45.52803805861348,34.04294054108716
calibracao,Encantado,6,descida,19.439814169160766,35.46345902875331,45.18353623260716
calibracao,Encantado,6,rapida,46.46382847673567,79.43597837610045,41.50782878666597
calibracao,Encantado,6,subida,45.48428782293296,61.429184537445174,25.956549536796693
calibracao,Encantado,6,todos,14.365618623287778,29.10052442372044,50.63450261543031
calibracao,Encantado,9,alto,46.69897713171193,46.69897713171193,0.0
calibracao,Encantado,9,descida,34.189422077526466,34.189422077526466,0.0
calibracao,Encantado,9,rapida,58.5260721726536,58.5260721726536,0.0
calibracao,Encantado,9,subida,64.35819278236256,64.35819278236256,0.0
calibracao,Encantado,9,todos,26.526244325249305,26.526244325249305,0.0
calibracao,Encantado,12,alto,76.22392305865309,76.22392305865309,0.0
calibracao,Encantado,12,descida,49.52281050429414,49.52281050429414,0.0
calibracao,Encantado,12,rapida,71.64344441289373,71.64344441289373,0.0
calibracao,Encantado,12,subida,103.71612562256581,103.71612562256581,0.0
calibracao,Encantado,12,todos,38.29001804614715,38.29001804614715,0.0
calibracao,Estrela,6,alto,25.6122235319799,25.6122235319799,0.0
calibracao,Estrela,6,descida,22.13926771665792,22.13926771665792,0.0
calibracao,Estrela,6,rapida,39.71248107080699,39.71248107080699,0.0
calibracao,Estrela,6,subida,30.30106458693613,30.30106458693613,0.0
calibracao,Estrela,6,todos,14.883844485590359,14.883844485590359,0.0
calibracao,Estrela,9,alto,40.97094303875203,40.97094303875203,0.0
calibracao,Estrela,9,descida,36.14382797501903,36.14382797501903,0.0
calibracao,Estrela,9,rapida,54.64231522599292,54.64231522599292,0.0
calibracao,Estrela,9,subida,47.392155981649296,47.392155981649296,0.0
calibracao,Estrela,9,todos,24.15093042406567,24.15093042406567,0.0
calibracao,Estrela,12,alto,64.43323661133776,64.43323661133776,0.0
calibracao,Estrela,12,descida,49.07472534410137,49.07472534410137,0.0
calibracao,Estrela,12,rapida,76.6354235782003,76.6354235782003,0.0
calibracao,Estrela,12,subida,75.8523101231844,75.8523101231844,0.0
calibracao,Estrela,12,todos,35.48892278002019,35.48892278002019,0.0
calibracao,Muçum,6,alto,27.994364155270677,27.994364155270677,0.0
calibracao,Muçum,6,descida,21.791353309590647,21.791353309590647,0.0
calibracao,Muçum,6,rapida,69.63843547542928,69.63843547542928,0.0
calibracao,Muçum,6,subida,41.15898725939723,41.15898725939723,0.0
calibracao,Muçum,6,todos,22.42703284961315,22.42703284961315,0.0
calibracao,Muçum,9,alto,46.80044382815109,46.80044382815109,0.0
calibracao,Muçum,9,descida,36.85666607562809,36.85666607562809,0.0
calibracao,Muçum,9,rapida,79.09432790624366,79.09432790624366,0.0
calibracao,Muçum,9,subida,65.23280708042402,65.23280708042402,0.0
calibracao,Muçum,9,todos,36.62941082569023,36.62941082569023,0.0
calibracao,Muçum,12,alto,58.06951115149227,58.06951115149227,0.0
calibracao,Muçum,12,descida,48.39979793766943,48.39979793766943,0.0
calibracao,Muçum,12,rapida,76.2639285756241,76.2639285756241,0.0
calibracao,Muçum,12,subida,77.45897870349789,77.45897870349789,0.0
calibracao,Muçum,12,todos,49.80689295270975,49.80689295270975,0.0
desenvolvimento,Encantado,6,alto,42.26327227600092,44.935650408624085,5.947122403529914
desenvolvimento,Encantado,6,descida,56.662005973563154,61.53291115016211,7.915934880298803
desenvolvimento,Encantado,6,rapida,65.58866590133938,76.5163821180254,14.2815380369529
desenvolvimento,Encantado,6,subida,52.43745902642388,55.20726562526221,5.017105207925566
desenvolvimento,Encantado,6,todos,17.17031231601017,18.888677336873634,9.097328469415643
desenvolvimento,Encantado,9,alto,72.77819519144734,72.77819519144734,0.0
desenvolvimento,Encantado,9,descida,61.1362712233992,61.1362712233992,0.0
desenvolvimento,Encantado,9,rapida,66.15507933766499,66.15507933766499,0.0
desenvolvimento,Encantado,9,subida,85.31135067708229,85.31135067708229,0.0
desenvolvimento,Encantado,9,todos,20.859625212110306,20.859625212110306,0.0
desenvolvimento,Encantado,12,alto,130.03242809731339,130.03242809731339,0.0
desenvolvimento,Encantado,12,descida,76.3474114047547,76.3474114047547,0.0
desenvolvimento,Encantado,12,rapida,106.06012759044549,106.06012759044549,0.0
desenvolvimento,Encantado,12,subida,153.40273439544995,153.40273439544995,0.0
desenvolvimento,Encantado,12,todos,29.189386896304367,29.189386896304367,0.0
desenvolvimento,Estrela,6,alto,38.0608687385861,38.0608687385861,0.0
desenvolvimento,Estrela,6,descida,14.832127164401816,14.832127164401816,0.0
desenvolvimento,Estrela,6,rapida,48.349544818256604,48.349544818256604,0.0
desenvolvimento,Estrela,6,subida,40.79437580876234,40.79437580876234,0.0
desenvolvimento,Estrela,6,todos,12.685999909171514,12.685999909171514,0.0
desenvolvimento,Estrela,9,alto,62.302798334873565,62.302798334873565,0.0
desenvolvimento,Estrela,9,descida,22.840659458406105,22.840659458406105,0.0
desenvolvimento,Estrela,9,rapida,77.31487892558714,77.31487892558714,0.0
desenvolvimento,Estrela,9,subida,69.24090064529389,69.24090064529389,0.0
desenvolvimento,Estrela,9,todos,18.670949156490884,18.670949156490884,0.0
desenvolvimento,Estrela,12,alto,93.06385216059847,93.06385216059847,0.0
desenvolvimento,Estrela,12,descida,65.75638375688081,65.75638375688081,0.0
desenvolvimento,Estrela,12,rapida,102.07901793322469,102.07901793322469,0.0
desenvolvimento,Estrela,12,subida,104.35734359661348,104.35734359661348,0.0
desenvolvimento,Estrela,12,todos,24.986132119052705,24.986132119052705,0.0
desenvolvimento,Muçum,6,alto,51.99320656846139,51.99320656846139,0.0
desenvolvimento,Muçum,6,descida,27.084511788940194,27.084511788940194,0.0
desenvolvimento,Muçum,6,rapida,98.21624536284509,98.21624536284509,0.0
desenvolvimento,Muçum,6,subida,59.52590121483267,59.52590121483267,0.0
desenvolvimento,Muçum,6,todos,16.547886414894297,16.547886414894297,0.0
desenvolvimento,Muçum,9,alto,87.02438179968364,87.02438179968364,0.0
desenvolvimento,Muçum,9,descida,56.869040428061055,56.869040428061055,0.0
desenvolvimento,Muçum,9,rapida,155.38442353466934,155.38442353466934,0.0
desenvolvimento,Muçum,9,subida,97.13821424311853,97.13821424311853,0.0
desenvolvimento,Muçum,9,todos,25.46022177954198,25.46022177954198,0.0
desenvolvimento,Muçum,12,alto,113.92038530762092,113.92038530762092,0.0
desenvolvimento,Muçum,12,descida,70.08025442723341,70.08025442723341,0.0
desenvolvimento,Muçum,12,rapida,163.11699953274683,163.11699953274683,0.0
desenvolvimento,Muçum,12,subida,128.2251479665317,128.2251479665317,0.0
desenvolvimento,Muçum,12,todos,35.34189817850683,35.34189817850683,0.0
teste,Encantado,6,alto,28.501889628023356,45.506122308405985,37.36691200612707
teste,Encantado,6,descida,15.942635042744513,27.526275764546817,42.08212117355068
teste,Encantado,6,rapida,35.86527577085954,77.32430674050605,53.617074264602934
teste,Encantado,6,subida,46.156071515991066,70.6542853334152,34.67335873799854
teste,Encantado,6,todos,17.022530361295196,32.29651278007721,47.292977179270245
teste,Encantado,9,alto,47.338594545563055,47.338594545563055,0.0
teste,Encantado,9,descida,17.565250333201867,17.565250333201867,0.0
teste,Encantado,9,rapida,59.02798957995972,59.02798957995972,0.0
teste,Encantado,9,subida,85.56391179266032,85.56391179266032,0.0
teste,Encantado,9,todos,28.804679362161906,28.804679362161906,0.0
teste,Encantado,12,alto,74.23865351871508,74.23865351871508,0.0
teste,Encantado,12,descida,30.695386714362805,30.695386714362805,0.0
teste,Encantado,12,rapida,84.9725874375264,84.9725874375264,0.0
teste,Encantado,12,subida,129.5908739170356,129.5908739170356,0.0
teste,Encantado,12,todos,42.69964759871189,42.69964759871189,0.0
teste,Estrela,6,alto,24.3128426118286,24.3128426118286,0.0
teste,Estrela,6,descida,17.976598531098716,17.976598531098716,0.0
teste,Estrela,6,rapida,38.792780297018325,38.792780297018325,0.0
teste,Estrela,6,subida,31.63928298012547,31.63928298012547,0.0
teste,Estrela,6,todos,18.154099684286226,18.154099684286226,0.0
teste,Estrela,9,alto,39.89178994463275,39.89178994463275,0.0
teste,Estrela,9,descida,23.450118606123283,23.450118606123283,0.0
teste,Estrela,9,rapida,55.763538545059454,55.763538545059454,0.0
teste,Estrela,9,subida,56.72128255996402,56.72128255996402,0.0
teste,Estrela,9,todos,27.94953312836491,27.94953312836491,0.0
teste,Estrela,12,alto,59.12991699187539,59.12991699187539,0.0
teste,Estrela,12,descida,30.049972450827084,30.049972450827084,0.0
teste,Estrela,12,rapida,68.83432032434668,68.83432032434668,0.0
teste,Estrela,12,subida,86.21759794003745,86.21759794003745,0.0
teste,Estrela,12,todos,39.54191470020407,39.54191470020407,0.0
teste,Muçum,6,alto,37.268982527339084,37.268982527339084,0.0
teste,Muçum,6,descida,18.74642398415466,18.74642398415466,0.0
teste,Muçum,6,rapida,54.06947334606465,54.06947334606465,0.0
teste,Muçum,6,subida,54.235853994417376,54.235853994417376,0.0
teste,Muçum,6,todos,22.453974274625484,22.453974274625484,0.0
teste,Muçum,9,alto,63.203322933801815,63.203322933801815,0.0
teste,Muçum,9,descida,52.99100322315513,52.99100322315513,0.0
teste,Muçum,9,rapida,82.35616367430053,82.35616367430053,0.0
teste,Muçum,9,subida,82.63824320359616,82.63824320359616,0.0
teste,Muçum,9,todos,40.80697440643477,40.80697440643477,0.0
teste,Muçum,12,alto,92.33011534295646,92.33011534295646,0.0
teste,Muçum,12,descida,74.04645366458566,74.04645366458566,0.0
teste,Muçum,12,rapida,83.00668428123606,83.00668428123606,0.0
teste,Muçum,12,subida,133.79337390538822,133.79337390538822,0.0
teste,Muçum,12,todos,57.21664745375528,57.21664745375528,0.0
