emissao,tipo,alvo,codigo,motor,h,t_ref_utc,emitido_em_utc,valido_para_utc,antecedencia_real_h,previsto_cm,corrigido_cm,observado_cm,erro_cm,erro_corrigido_cm,status
18h original,emissao,Encantado,86720000,linear,3,2026-09-21 21:00:00+00:00,2026-09-21 22:07:00+00:00,2026-09-22 00:00:00+00:00,1.8833333333333333,1318.3046838740665,1415.870380517008,1313.0,5.304683874066541,102.87038051700802,conferido
18h original,emissao,Encantado,86720000,linear,6,2026-09-21 21:00:00+00:00,2026-09-21 22:07:00+00:00,2026-09-22 03:00:00+00:00,4.883333333333334,1438.8405395331022,1648.7422582753845,1453.0,-14.159460466897826,195.74225827538453,conferido
18h original,emissao,Encantado,86720000,gbm,12,2026-09-21 16:00:00+00:00,2026-09-21 22:07:00+00:00,2026-09-22 04:00:00+00:00,5.883333333333334,1499.8341974226837,2121.7355438137433,1528.0,-28.1658025773163,593.7355438137433,conferido
18h original,emissao,Encantado,86720000,gbm,24,2026-09-21 16:00:00+00:00,2026-09-21 22:07:00+00:00,2026-09-22 16:00:00+00:00,17.883333333333333,1475.4681840152994,,,,,pendente
18h original,emissao,Estrela,86879300,linear,3,2026-09-21 21:00:00+00:00,2026-09-21 22:07:00+00:00,2026-09-22 00:00:00+00:00,1.8833333333333333,1967.1357145340733,1991.4651318940155,1989.0,-21.86428546592674,2.465131894015485,conferido
18h original,emissao,Estrela,86879300,linear,6,2026-09-21 21:00:00+00:00,2026-09-21 22:07:00+00:00,2026-09-22 03:00:00+00:00,4.883333333333334,2162.5165396638067,2259.557845067651,2181.0,-18.483460336193275,78.55784506765121,conferido
18h original,emissao,Estrela,86879300,gbm,12,2026-09-21 16:00:00+00:00,2026-09-21 22:07:00+00:00,2026-09-22 04:00:00+00:00,5.883333333333334,2131.9930583065,2413.468768940386,2225.0,-93.00694169349981,188.46876894038587,conferido
18h original,emissao,Estrela,86879300,gbm,24,2026-09-21 16:00:00+00:00,2026-09-21 22:07:00+00:00,2026-09-22 16:00:00+00:00,17.883333333333333,2224.97098459892,,,,,pendente
18h original,emissao,Muçum,86510000,linear,3,2026-09-21 21:00:00+00:00,2026-09-21 22:07:00+00:00,2026-09-22 00:00:00+00:00,1.8833333333333333,1594.083954385606,1728.2149712134012,1585.0,9.08395438560592,143.2149712134012,conferido
18h original,emissao,Muçum,86510000,linear,6,2026-09-21 21:00:00+00:00,2026-09-21 22:07:00+00:00,2026-09-22 03:00:00+00:00,4.883333333333334,1727.2843327689363,2094.717963718348,1759.0,-31.715667231063662,335.7179637183481,conferido
18h original,emissao,Muçum,86510000,gbm,12,2026-09-21 16:00:00+00:00,2026-09-21 22:07:00+00:00,2026-09-22 04:00:00+00:00,5.883333333333334,1549.5676881850711,2288.099101869596,1810.0,-260.4323118149289,478.09910186959587,conferido
18h original,emissao,Muçum,86510000,gbm,24,2026-09-21 16:00:00+00:00,2026-09-21 22:07:00+00:00,2026-09-22 16:00:00+00:00,17.883333333333333,1421.0418874563911,,,,,pendente
18h revisada (replay 19:27),replay,Encantado,86720000,linear,3,2026-09-21 21:00:00+00:00,2026-09-21 22:27:00+00:00,2026-09-22 00:00:00+00:00,1.55,1318.3046838740665,,1313.0,5.304683874066541,,conferido
18h revisada (replay 19:27),replay,Encantado,86720000,linear,6,2026-09-21 21:00:00+00:00,2026-09-21 22:27:00+00:00,2026-09-22 03:00:00+00:00,4.55,1438.8952669825308,,1453.0,-14.104733017469243,,conferido
18h revisada (replay 19:27),replay,Encantado,86720000,gbm_delta,9,2026-09-21 21:00:00+00:00,2026-09-21 22:27:00+00:00,2026-09-22 06:00:00+00:00,7.55,1484.4051623431783,,1606.0,-121.59483765682171,,conferido
18h revisada (replay 19:27),replay,Encantado,86720000,gbm_delta,12,2026-09-21 21:00:00+00:00,2026-09-21 22:27:00+00:00,2026-09-22 09:00:00+00:00,10.55,1541.3897697938066,,1639.0,-97.61023020619336,,conferido
18h revisada (replay 19:27),replay,Estrela,86879300,linear,3,2026-09-21 21:00:00+00:00,2026-09-21 22:27:00+00:00,2026-09-22 00:00:00+00:00,1.55,1967.135714534073,,1989.0,-21.86428546592697,,conferido
18h revisada (replay 19:27),replay,Estrela,86879300,linear,6,2026-09-21 21:00:00+00:00,2026-09-21 22:27:00+00:00,2026-09-22 03:00:00+00:00,4.55,2162.549152464683,,2181.0,-18.450847535316825,,conferido
18h revisada (replay 19:27),replay,Estrela,86879300,linear,9,2026-09-21 21:00:00+00:00,2026-09-21 22:27:00+00:00,2026-09-22 06:00:00+00:00,7.55,2283.7699470871257,,2300.0,-16.23005291287427,,conferido
18h revisada (replay 19:27),replay,Estrela,86879300,linear,12,2026-09-21 21:00:00+00:00,2026-09-21 22:27:00+00:00,2026-09-22 09:00:00+00:00,10.55,2366.347206543384,,2378.0,-11.65279345661611,,conferido
18h revisada (replay 19:27),replay,Muçum,86510000,linear,3,2026-09-21 21:00:00+00:00,2026-09-21 22:27:00+00:00,2026-09-22 00:00:00+00:00,1.55,1594.083954385606,,1585.0,9.08395438560592,,conferido
18h revisada (replay 19:27),replay,Muçum,86510000,gbm_delta,6,2026-09-21 21:00:00+00:00,2026-09-21 22:27:00+00:00,2026-09-22 03:00:00+00:00,4.55,1737.5633176763722,,1759.0,-21.436682323627792,,conferido
18h revisada (replay 19:27),replay,Muçum,86510000,gbm_delta,9,2026-09-21 21:00:00+00:00,2026-09-21 22:27:00+00:00,2026-09-22 06:00:00+00:00,7.55,1788.5038218597685,,1868.0,-79.49617814023145,,conferido
18h revisada (replay 19:27),replay,Muçum,86510000,gbm_delta,12,2026-09-21 21:00:00+00:00,2026-09-21 22:27:00+00:00,2026-09-22 09:00:00+00:00,10.55,1810.5398845611107,,1836.0,-25.46011543888926,,conferido
21/09 21h (emissão),emissao,Encantado,86720000,linear,3,2026-09-22 00:00:00+00:00,2026-09-22 00:22:09.578274+00:00,2026-09-22 03:00:00+00:00,2.6306727016666667,1415.2311188212475,,1453.0,-37.76888117875251,,conferido
21/09 21h (emissão),emissao,Encantado,86720000,ridge_montante,6,2026-09-22 00:00:00+00:00,2026-09-22 00:22:09.578274+00:00,2026-09-22 06:00:00+00:00,5.630672701666667,1473.2572539681055,,1606.0,-132.7427460318945,,conferido
21/09 21h (emissão),emissao,Encantado,86720000,gbm_delta,9,2026-09-22 00:00:00+00:00,2026-09-22 00:22:09.578274+00:00,2026-09-22 09:00:00+00:00,8.630672701666667,1368.6207477251041,,1639.0,-270.37925227489586,,conferido
21/09 21h (emissão),emissao,Encantado,86720000,gbm_delta,12,2026-09-22 00:00:00+00:00,2026-09-22 00:22:09.578274+00:00,2026-09-22 12:00:00+00:00,11.630672701666667,1243.3599424268646,,,,,pendente
21/09 21h (emissão),emissao,Estrela,86879300,linear,3,2026-09-22 00:00:00+00:00,2026-09-22 00:22:09.578274+00:00,2026-09-22 03:00:00+00:00,2.6306727016666667,2199.9009135444758,,2181.0,18.90091354447577,,conferido
21/09 21h (emissão),emissao,Estrela,86879300,linear,6,2026-09-22 00:00:00+00:00,2026-09-22 00:22:09.578274+00:00,2026-09-22 06:00:00+00:00,5.630672701666667,2333.850850798911,,2300.0,33.85085079891087,,conferido
21/09 21h (emissão),emissao,Estrela,86879300,linear,9,2026-09-22 00:00:00+00:00,2026-09-22 00:22:09.578274+00:00,2026-09-22 09:00:00+00:00,8.630672701666667,2428.7805102491056,,2378.0,50.780510249105646,,conferido
21/09 21h (emissão),emissao,Estrela,86879300,linear,12,2026-09-22 00:00:00+00:00,2026-09-22 00:22:09.578274+00:00,2026-09-22 12:00:00+00:00,11.630672701666667,2499.4929983834627,,,,,pendente
21/09 21h (emissão),emissao,Muçum,86510000,linear,3,2026-09-22 00:00:00+00:00,2026-09-22 00:22:09.578274+00:00,2026-09-22 03:00:00+00:00,2.6306727016666667,,,1759.0,,,não emitida
21/09 21h (emissão),emissao,Muçum,86510000,gbm_delta,6,2026-09-22 00:00:00+00:00,2026-09-22 00:22:09.578274+00:00,2026-09-22 06:00:00+00:00,5.630672701666667,1627.6724144855864,,1868.0,-240.3275855144136,,conferido
21/09 21h (emissão),emissao,Muçum,86510000,gbm_delta,9,2026-09-22 00:00:00+00:00,2026-09-22 00:22:09.578274+00:00,2026-09-22 09:00:00+00:00,8.630672701666667,1550.6962769948161,,1836.0,-285.3037230051839,,conferido
21/09 21h (emissão),emissao,Muçum,86510000,gbm_delta,12,2026-09-22 00:00:00+00:00,2026-09-22 00:22:09.578274+00:00,2026-09-22 12:00:00+00:00,11.630672701666667,1396.9638468417588,,,,,pendente
22/09 07h (emissão),emissao,Encantado,86720000,linear,3,2026-09-22 10:00:00+00:00,2026-09-22 10:33:12.157703+00:00,2026-09-22 13:00:00+00:00,2.4466228602777775,1571.4400503144639,,,,,pendente
22/09 07h (emissão),emissao,Encantado,86720000,ridge_montante,6,2026-09-22 10:00:00+00:00,2026-09-22 10:33:12.157703+00:00,2026-09-22 16:00:00+00:00,5.4466228602777775,1519.8686104342428,,,,,pendente
22/09 07h (emissão),emissao,Encantado,86720000,gbm_delta,9,2026-09-22 10:00:00+00:00,2026-09-22 10:33:12.157703+00:00,2026-09-22 19:00:00+00:00,8.446622860277778,1419.89871569069,,,,,pendente
22/09 07h (emissão),emissao,Encantado,86720000,gbm_delta,12,2026-09-22 10:00:00+00:00,2026-09-22 10:33:12.157703+00:00,2026-09-22 22:00:00+00:00,11.44662286027778,1320.7017080135563,,,,,pendente
22/09 07h (emissão),emissao,Estrela,86879300,linear,3,2026-09-22 10:00:00+00:00,2026-09-22 10:33:12.157703+00:00,2026-09-22 13:00:00+00:00,2.4466228602777775,2435.691393847581,,,,,pendente
22/09 07h (emissão),emissao,Estrela,86879300,linear,6,2026-09-22 10:00:00+00:00,2026-09-22 10:33:12.157703+00:00,2026-09-22 16:00:00+00:00,5.4466228602777775,2430.230562056481,,,,,pendente
22/09 07h (emissão),emissao,Estrela,86879300,linear,9,2026-09-22 10:00:00+00:00,2026-09-22 10:33:12.157703+00:00,2026-09-22 19:00:00+00:00,8.446622860277778,2406.320938909096,,,,,pendente
22/09 07h (emissão),emissao,Estrela,86879300,linear,12,2026-09-22 10:00:00+00:00,2026-09-22 10:33:12.157703+00:00,2026-09-22 22:00:00+00:00,11.44662286027778,2374.188837814813,,,,,pendente
22/09 07h (emissão),emissao,Muçum,86510000,linear,3,2026-09-22 10:00:00+00:00,2026-09-22 10:33:12.157703+00:00,2026-09-22 13:00:00+00:00,2.4466228602777775,,,,,,não emitida
22/09 07h (emissão),emissao,Muçum,86510000,gbm_delta,6,2026-09-22 10:00:00+00:00,2026-09-22 10:33:12.157703+00:00,2026-09-22 16:00:00+00:00,5.4466228602777775,1602.512539562242,,,,,pendente
22/09 07h (emissão),emissao,Muçum,86510000,gbm_delta,9,2026-09-22 10:00:00+00:00,2026-09-22 10:33:12.157703+00:00,2026-09-22 19:00:00+00:00,8.446622860277778,1486.9683540928067,,,,,pendente
22/09 07h (emissão),emissao,Muçum,86510000,gbm_delta,12,2026-09-22 10:00:00+00:00,2026-09-22 10:33:12.157703+00:00,2026-09-22 22:00:00+00:00,11.44662286027778,1419.8356600465115,,,,,pendente
